{"count":1,"self":217.9235584,"total":17477.454479,"children":{"InitializeActuators":{"count":1,"self":0.001263,"total":0.001263,"children":null},"InitializeSensors":{"count":1,"self":0.0010249999999999999,"total":0.0010249999999999999,"children":null},"AgentSendState":{"count":2303455,"self":2.384767,"total":14.295499,"children":{"CollectObservations":{"count":463444,"self":0.76788499999999993,"total":0.76788499999999993,"children":null},"WriteActionMask":{"count":463444,"self":0.247242,"total":0.247242,"children":null},"RequestDecision":{"count":463444,"self":0.655268,"total":10.895605,"children":{"AgentInfo.ToProto":{"count":463444,"self":1.5051269999999999,"total":10.240337,"children":{"GenerateSensorData":{"count":463444,"self":8.7352096,"total":8.73521,"children":null}}}}}}},"DecideAction":{"count":2303455,"self":17229.7895936,"total":17229.790126,"children":null},"AgentAct":{"count":2303455,"self":15.338139199999999,"total":15.442053,"children":{"AgentInfo.ToProto":{"count":4588,"self":0.017225999999999998,"total":0.10391399999999999,"children":{"GenerateSensorData":{"count":4588,"self":0.086688,"total":0.086688,"children":null}}}}}},"gauges":{"player.CumulativeReward":{"count":4588,"max":1,"min":0,"runningAverage":0.01634699,"value":0,"weightedAverage":8.045196E-17}},"metadata":{"timer_format_version":"0.1.0","start_time_seconds":"1651204015","unity_version":"2020.3.33f1","command_line_arguments":"\/home\/dding\/Desktop\/CV_HW_RL\/.\/envs\/env_easy\/env_easy.x86_64 --mlagents-port 53275","communication_protocol_version":"1.5.0","com.unity.ml-agents_version":"2.2.1-exp.1","scene_name":"SampleScene","end_time_seconds":"1651221493"}}