{"count":1,"self":1909.4372351999998,"total":118633.017354,"children":{"InitializeActuators":{"count":1,"self":0.0017679999999999998,"total":0.0017679999999999998,"children":null},"InitializeSensors":{"count":1,"self":0.001078,"total":0.001078,"children":null},"AgentSendState":{"count":15096030,"self":18.0231344,"total":152.755933,"children":{"CollectObservations":{"count":3038493,"self":59.701836799999995,"total":59.701837,"children":null},"WriteActionMask":{"count":3038493,"self":1.5391219999999999,"total":1.5391219999999999,"children":null},"RequestDecision":{"count":3038493,"self":4.4078431999999994,"total":73.491839,"children":{"AgentInfo.ToProto":{"count":3038493,"self":9.21006,"total":69.083996,"children":{"GenerateSensorData":{"count":3038493,"self":59.8739328,"total":59.873936,"children":null}}}}}}},"DecideAction":{"count":15096030,"self":116538.1730304,"total":116538.172805,"children":null},"AgentAct":{"count":15096030,"self":31.9269088,"total":32.541224,"children":{"AgentInfo.ToProto":{"count":29290,"self":0.083535,"total":0.614314,"children":{"GenerateSensorData":{"count":29290,"self":0.530779,"total":0.530779,"children":null}}}}},"AgentInfo.ToProto":{"count":4735,"self":0.016989,"total":0.105999,"children":{"GenerateSensorData":{"count":4735,"self":0.089009999999999992,"total":0.089009999999999992,"children":null}}}},"gauges":{"My Behavior.CumulativeReward":{"count":34025,"max":2,"min":0,"runningAverage":0.0287730061,"value":0,"weightedAverage":4.52176045E-16}},"metadata":{"timer_format_version":"0.1.0","start_time_seconds":"1650218118","unity_version":"2020.3.33f1","command_line_arguments":"\/home\/dding\/Desktop\/CV_HW_RL\/.\/envs\/autoDroneGPS\/autoDroneGPS.x86_64 --mlagents-port 30993","communication_protocol_version":"1.5.0","com.unity.ml-agents_version":"2.2.1-exp.1","scene_name":"SampleScene","end_time_seconds":"1650336751"}}