{"count":1,"self":1001.6043007999999,"total":7578.1350109999994,"children":{"InitializeActuators":{"count":1,"self":0.001148,"total":0.001148,"children":null},"InitializeSensors":{"count":1,"self":0.0010119999999999999,"total":0.0010119999999999999,"children":null},"AgentSendState":{"count":7318303,"self":9.3102368,"total":45.807244999999995,"children":{"CollectObservations":{"count":1503787,"self":2.7635799999999997,"total":2.7635799999999997,"children":null},"WriteActionMask":{"count":1503787,"self":0.73939599999999994,"total":0.73939599999999994,"children":null},"RequestDecision":{"count":1503787,"self":2.483742,"total":32.994032,"children":{"AgentInfo.ToProto":{"count":1503787,"self":4.5195032,"total":30.510289999999998,"children":{"GenerateSensorData":{"count":1503787,"self":25.9907872,"total":25.990786999999997,"children":null}}}}}}},"DecideAction":{"count":7318303,"self":6502.7862528,"total":6502.786306,"children":null},"AgentAct":{"count":7318303,"self":25.989919999999998,"total":27.933238,"children":{"AgentInfo.ToProto":{"count":100000,"self":0.29314399999999996,"total":1.9433179999999999,"children":{"GenerateSensorData":{"count":100000,"self":1.650174,"total":1.650174,"children":null}}}}}},"gauges":{"3DBall.CumulativeReward":{"count":100000,"max":5.29999638,"min":1.1920929E-07,"runningAverage":0.483588964,"value":0.300000221,"weightedAverage":0.437252134}},"metadata":{"timer_format_version":"0.1.0","start_time_seconds":"1649605874","unity_version":"2020.3.31f1","command_line_arguments":"\/home\/dding\/바탕화면\/CV_HW_RL\/.\/envs\/3Dball_example\/3dBall1.x86_64 --mlagents-port 21300","communication_protocol_version":"1.5.0","com.unity.ml-agents_version":"2.2.1-exp.1","scene_name":"3DBall","end_time_seconds":"1649613452"}}