{"count":1,"self":5.5622888,"total":49.961369999999995,"children":{"InitializeActuators":{"count":1,"self":0.001151,"total":0.001151,"children":null},"InitializeSensors":{"count":1,"self":0.001023,"total":0.001023,"children":null},"AgentSendState":{"count":36021,"self":0.047181999999999995,"total":0.243892,"children":{"CollectObservations":{"count":7337,"self":0.014039,"total":0.014039,"children":null},"WriteActionMask":{"count":7337,"self":0.004003,"total":0.004003,"children":null},"RequestDecision":{"count":7337,"self":0.013224999999999999,"total":0.178668,"children":{"AgentInfo.ToProto":{"count":7337,"self":0.024588,"total":0.16544299999999998,"children":{"GenerateSensorData":{"count":7337,"self":0.14085499999999998,"total":0.14085499999999998,"children":null}}}}}}},"DecideAction":{"count":36021,"self":44.006768,"total":44.006766999999996,"children":null},"AgentAct":{"count":36021,"self":0.13797099999999998,"total":0.14490899999999998,"children":{"AgentInfo.ToProto":{"count":336,"self":0.000878,"total":0.006938,"children":{"GenerateSensorData":{"count":336,"self":0.0060599999999999994,"total":0.0060599999999999994,"children":null}}}}}},"gauges":{"3DBall.CumulativeReward":{"count":336,"max":3.89999771,"min":1.41561031E-07,"runningAverage":1.16696382,"value":1.19999993,"weightedAverage":1.37723517}},"metadata":{"timer_format_version":"0.1.0","start_time_seconds":"1649587836","unity_version":"2020.3.31f1","command_line_arguments":"\/home\/dding\/바탕화면\/CV_HW_RL\/.\/envs\/3Dball_example\/3dBall1.x86_64 --mlagents-port 42370","communication_protocol_version":"1.5.0","com.unity.ml-agents_version":"2.2.1-exp.1","scene_name":"3DBall","end_time_seconds":"1649587886"}}