{"count":1,"self":1.573464,"total":8.10023,"children":{"InitializeActuators":{"count":1,"self":0.00112,"total":0.00112,"children":null},"InitializeSensors":{"count":1,"self":0.000988,"total":0.000988,"children":null},"AgentSendState":{"count":6021,"self":0.008798,"total":0.045891999999999995,"children":{"CollectObservations":{"count":1227,"self":0.0028139999999999997,"total":0.0028139999999999997,"children":null},"WriteActionMask":{"count":1227,"self":0.00079099999999999993,"total":0.00079099999999999993,"children":null},"RequestDecision":{"count":1227,"self":0.00342,"total":0.033489,"children":{"AgentInfo.ToProto":{"count":1227,"self":0.0043019999999999994,"total":0.030069,"children":{"GenerateSensorData":{"count":1227,"self":0.025766999999999998,"total":0.025766999999999998,"children":null}}}}}}},"DecideAction":{"count":6021,"self":6.4522752,"total":6.4522749999999993,"children":null},"AgentAct":{"count":6021,"self":0.023797,"total":0.025245999999999998,"children":{"AgentInfo.ToProto":{"count":57,"self":0.00059899999999999992,"total":0.001449,"children":{"GenerateSensorData":{"count":57,"self":0.00085,"total":0.00085,"children":null}}}}}},"gauges":{"3DBall.CumulativeReward":{"count":57,"max":2.99999857,"min":0.200000167,"runningAverage":1.12105238,"value":0.9000002,"weightedAverage":1.44547224}},"metadata":{"timer_format_version":"0.1.0","start_time_seconds":"1649605824","unity_version":"2020.3.31f1","command_line_arguments":"\/home\/dding\/바탕화면\/CV_HW_RL\/.\/envs\/3Dball_example\/3dBall1.x86_64 --mlagents-port 46811","communication_protocol_version":"1.5.0","com.unity.ml-agents_version":"2.2.1-exp.1","scene_name":"3DBall","end_time_seconds":"1649605832"}}