{"count":1,"self":16.720467199999998,"total":18.812067,"children":{"InitializeActuators":{"count":1,"self":0.001083,"total":0.001083,"children":null},"InitializeSensors":{"count":1,"self":0.000966,"total":0.000966,"children":null},"AgentSendState":{"count":840,"self":0.0039099999999999994,"total":0.018368,"children":{"CollectObservations":{"count":175,"self":0.001483,"total":0.001483,"children":null},"WriteActionMask":{"count":175,"self":0.00042199999999999996,"total":0.00042199999999999996,"children":null},"RequestDecision":{"count":175,"self":0.002427,"total":0.012553,"children":{"AgentInfo.ToProto":{"count":175,"self":0.001555,"total":0.010126,"children":{"GenerateSensorData":{"count":175,"self":0.0085709999999999988,"total":0.0085709999999999988,"children":null}}}}}}},"DecideAction":{"count":840,"self":2.062576,"total":2.062576,"children":null},"AgentAct":{"count":840,"self":0.0070129999999999993,"total":0.0072369999999999995,"children":{"AgentInfo.ToProto":{"count":8,"self":3.5E-05,"total":0.000224,"children":{"GenerateSensorData":{"count":8,"self":0.00018899999999999999,"total":0.00018899999999999999,"children":null}}}}}},"gauges":{"3DBall.CumulativeReward":{"count":8,"max":1.59999955,"min":0.2000002,"runningAverage":1.05000007,"value":1.59999955,"weightedAverage":1.20994854}},"metadata":{"timer_format_version":"0.1.0","start_time_seconds":"1651728452","unity_version":"2020.3.31f1","command_line_arguments":"\/home\/dding\/Desktop\/CV_HW_RL\/.\/envs\/3Dball_example\/3dBall1.x86_64 --mlagents-port 5005","communication_protocol_version":"1.5.0","com.unity.ml-agents_version":"2.2.1-exp.1","scene_name":"3DBall","end_time_seconds":"1651728471"}}