{"count":1,"self":912.0095232,"total":61176.448841,"children":{"InitializeActuators":{"count":1,"self":0.0012699999999999999,"total":0.0012699999999999999,"children":null},"InitializeSensors":{"count":1,"self":0.001026,"total":0.001026,"children":null},"AgentSendState":{"count":8099716,"self":9.2132912,"total":50.17846,"children":{"CollectObservations":{"count":1629625,"self":2.181426,"total":2.181426,"children":null},"WriteActionMask":{"count":1629625,"self":0.860435,"total":0.860435,"children":null},"RequestDecision":{"count":1629625,"self":2.353478,"total":37.923308,"children":{"AgentInfo.ToProto":{"count":1629625,"self":5.239224,"total":35.569829999999996,"children":{"GenerateSensorData":{"count":1629625,"self":30.3306048,"total":30.330606,"children":null}}}}}}},"DecideAction":{"count":8099716,"self":60158.312448,"total":60158.314693,"children":null},"AgentAct":{"count":8099716,"self":55.604319999999994,"total":55.942947999999994,"children":{"AgentInfo.ToProto":{"count":16134,"self":0.054223,"total":0.33863,"children":{"GenerateSensorData":{"count":16134,"self":0.28440699999999997,"total":0.28440699999999997,"children":null}}}}}},"gauges":{"player.CumulativeReward":{"count":16134,"max":2,"min":0,"runningAverage":0.0143795805,"value":0,"weightedAverage":3.359959E-08}},"metadata":{"timer_format_version":"0.1.0","start_time_seconds":"1651138531","unity_version":"2020.3.33f1","command_line_arguments":"\/home\/dding\/Desktop\/CV_HW_RL\/.\/envs\/env1.4_1target\/env1.3.x86_64 --mlagents-port 60208","communication_protocol_version":"1.5.0","com.unity.ml-agents_version":"2.2.1-exp.1","scene_name":"SampleScene","end_time_seconds":"1651199707"}}