{"count":1,"self":3925.3610495999997,"total":76590.801249,"children":{"InitializeActuators":{"count":1,"self":0.001384,"total":0.001384,"children":null},"InitializeSensors":{"count":1,"self":0.001067,"total":0.001067,"children":null},"AgentSendState":{"count":37321329,"self":27.314275199999997,"total":74.096887999999993,"children":{"CollectObservations":{"count":1882845,"self":2.98088,"total":2.98088,"children":null},"WriteActionMask":{"count":1882845,"self":0.94240899999999994,"total":0.94240899999999994,"children":null},"RequestDecision":{"count":1882845,"self":2.5991899999999997,"total":42.859325,"children":{"AgentInfo.ToProto":{"count":1882845,"self":5.7920152,"total":40.260135,"children":{"GenerateSensorData":{"count":1882845,"self":34.468121599999996,"total":34.46812,"children":null}}}}}}},"DecideAction":{"count":37321329,"self":72535.6118016,"total":72535.614496,"children":null},"AgentAct":{"count":37321329,"self":55.3521344,"total":55.724889999999995,"children":{"AgentInfo.ToProto":{"count":18642,"self":0.054442,"total":0.372756,"children":{"GenerateSensorData":{"count":18642,"self":0.318314,"total":0.318314,"children":null}}}}}},"gauges":{"player.CumulativeReward":{"count":18642,"max":2,"min":0,"runningAverage":0.011747662,"value":0,"weightedAverage":0.0001411019}},"metadata":{"timer_format_version":"0.1.0","start_time_seconds":"1650345716","unity_version":"2020.3.33f1","command_line_arguments":"\/home\/dding\/Desktop\/CV_HW_RL\/.\/envs\/env1.1\/env1.x86_64 --mlagents-port 31711","communication_protocol_version":"1.5.0","com.unity.ml-agents_version":"2.2.1-exp.1","scene_name":"SampleScene","end_time_seconds":"1650422307"}}