{"count":1,"self":267.4501376,"total":418.198767,"children":{"InitializeActuators":{"count":1,"self":0.0012879999999999999,"total":0.0012879999999999999,"children":null},"InitializeSensors":{"count":1,"self":0.0010479999999999999,"total":0.0010479999999999999,"children":null},"AgentSendState":{"count":402464,"self":0.386069,"total":0.95534199999999991,"children":{"CollectObservations":{"count":20340,"self":0.040815,"total":0.040815,"children":null},"WriteActionMask":{"count":20340,"self":0.012556,"total":0.012556,"children":null},"RequestDecision":{"count":20340,"self":0.034954,"total":0.515902,"children":{"AgentInfo.ToProto":{"count":20340,"self":0.070669,"total":0.480948,"children":{"GenerateSensorData":{"count":20340,"self":0.410279,"total":0.410279,"children":null}}}}}}},"DecideAction":{"count":402464,"self":149.0374912,"total":149.037485,"children":null},"AgentAct":{"count":402464,"self":0.746818,"total":0.751748,"children":{"AgentInfo.ToProto":{"count":239,"self":0.000634,"total":0.0049299999999999995,"children":{"GenerateSensorData":{"count":239,"self":0.0042959999999999995,"total":0.0042959999999999995,"children":null}}}}}},"gauges":{"player.CumulativeReward":{"count":239,"max":11,"min":0,"runningAverage":6.543934,"value":11,"weightedAverage":10.2463627}},"metadata":{"timer_format_version":"0.1.0","start_time_seconds":"1649587185","unity_version":"2020.3.31f1","command_line_arguments":"\/home\/dding\/바탕화면\/CV_HW_RL\/.\/envs\/env1\/env1.x86_64 --mlagents-port 15159","communication_protocol_version":"1.5.0","com.unity.ml-agents_version":"2.2.1-exp.1","scene_name":"SampleScene","end_time_seconds":"1649587603"}}