{"count":1,"self":4577.7125375999995,"total":5819.059442,"children":{"InitializeActuators":{"count":1,"self":0.001281,"total":0.001281,"children":null},"InitializeSensors":{"count":1,"self":0.0010249999999999999,"total":0.0010249999999999999,"children":null},"AgentSendState":{"count":5817842,"self":4.9446911999999994,"total":12.865654,"children":{"CollectObservations":{"count":293509,"self":0.55797299999999994,"total":0.55797299999999994,"children":null},"WriteActionMask":{"count":293509,"self":0.18184999999999998,"total":0.18184999999999998,"children":null},"RequestDecision":{"count":293509,"self":0.486616,"total":7.18114,"children":{"AgentInfo.ToProto":{"count":293509,"self":0.971965,"total":6.6945239999999995,"children":{"GenerateSensorData":{"count":293509,"self":5.7225592,"total":5.7225589999999995,"children":null}}}}}}},"DecideAction":{"count":5817842,"self":1219.2707584,"total":1219.270746,"children":null},"AgentAct":{"count":5817842,"self":9.1495216,"total":9.206661,"children":{"AgentInfo.ToProto":{"count":2906,"self":0.008589,"total":0.057138999999999995,"children":{"GenerateSensorData":{"count":2906,"self":0.048549999999999996,"total":0.048549999999999996,"children":null}}}}}},"gauges":{"player.CumulativeReward":{"count":2906,"max":6,"min":0,"runningAverage":0.0309703555,"value":0,"weightedAverage":2.802597E-45}},"metadata":{"timer_format_version":"0.1.0","start_time_seconds":"1649994193","unity_version":"2020.3.33f1","command_line_arguments":"\/home\/dding\/Desktop\/CV_HW_RL\/.\/envs\/env1\/env1.x86_64 --mlagents-port 27949","communication_protocol_version":"1.5.0","com.unity.ml-agents_version":"2.2.1-exp.1","scene_name":"SampleScene","end_time_seconds":"1650000012"}}